promo,accion_id,segmento,tipo,alcance,nombre,descuento_regla,canal,calibre,grupo,grupo_nombre,estado_grupo,vigencia_excel,tiers,familia
320236,3517,VALUE,VALUE,VALUE P1 Y P4 1890 LATA AS,ADIC 1890 LATA AS,>25B 4%>50b 8% >500b 0%,AS,1890 LATA,3099,AS VALUE SUR,Confirmado ERP,05/10/2026,"[{""min"": 25.0, ""pct"": 4.0}, {""min"": 50.0, ""pct"": 8.0}, {""min"": 500.0, ""pct"": 0.0}]",VALUE LATA 473
320235,3516,VALUE,VALUE,VALUE P1 Y P4 1890 LATA K+T,ADIC 1890 LATA K+T,>25B 4%>50b 8% >200b 0%,K+T,1890 LATA,3098,KT VALUE SUR,Confirmado ERP,05/10/2026,"[{""min"": 25.0, ""pct"": 4.0}, {""min"": 50.0, ""pct"": 8.0}, {""min"": 200.0, ""pct"": 0.0}]",VALUE LATA 473
320232,3514,VALUE,VALUE,VALUE P1 Y P4 LITRO  K+T,1890 LITRO K+T,>15B 2.5%>25B 5%>200B>0%,K+T,1890 Litro,3098,KT VALUE SUR,Confirmado ERP,05/10/2026,"[{""min"": 15.0, ""pct"": 2.5}, {""min"": 25.0, ""pct"": 5.0}]",VALUE LITRO 1000
320234,3515,VALUE,VALUE,VALUE P1 Y P4 LITRO AS,ADIC 1890 LITRO,>15B 2.5%>25B 5%>500B 0 %,AS,1891 Litro,3099,AS VALUE SUR,Confirmado ERP,05/10/2026,"[{""min"": 15.0, ""pct"": 2.5}, {""min"": 25.0, ""pct"": 5.0}, {""min"": 500.0, ""pct"": 0.0}]",VALUE LITRO 1000
320225,3512,VALUE,VALUE,ADIC 1890 LATA TOTAL K+T,ADIC LATA 1890 K+T,>0.25B 15%>200B 0%,K+T,1890 LATA,3019,K+T TOTAL PAIS,Confirmado ERP,05/10/2026,"[{""min"": 0.25, ""pct"": 15.0}, {""min"": 200.0, ""pct"": 0.0}]",VALUE LATA 473
320227,3513,VALUE,VALUE,ADIC 1890 LATA TOTAL AS,ADIC LATA 1890 AS,>0.25B 15%>500B 0%,AS,1890 LATA,3079,AUTOSERVICIOS PAIS,Confirmado ERP,05/10/2026,"[{""min"": 0.25, ""pct"": 15.0}, {""min"": 500.0, ""pct"": 0.0}]",VALUE LATA 473
321526,3533,VALUE,VALUE,ADIC 1890 LATÓN 7%,ADIC 7% LATON,>96B 7% >2600B 0%,MH + MAY,1890 LATON,2931,MH+MAY PAIS,Confirmado ERP,2026-10-06 00:00:00,"[{""min"": 96.0, ""pct"": 7.0}, {""min"": 2600.0, ""pct"": 0.0}]",VALUE LATON 710
320222,3510,VALUE,VALUE,ADIC 1890 LITRO Y  LATON TOTAL K+T,"ADIC 1890 LITRO, LATON",>0.25b 10% >200 0 %,K+T,"Litro, laton",3019,K+T TOTAL PAIS,Confirmado ERP,05/10/2026,"[{""min"": 0.25, ""pct"": 10.0}, {""min"": 200.0, ""pct"": 0.0}]",VALUE LITRO 1000
320222,3510,VALUE,VALUE,ADIC 1890 LITRO Y  LATON TOTAL K+T,"ADIC 1890 LITRO, LATON",>0.25b 10% >200 0 %,K+T,"Litro, laton",3019,K+T TOTAL PAIS,Confirmado ERP,05/10/2026,"[{""min"": 0.25, ""pct"": 10.0}, {""min"": 200.0, ""pct"": 0.0}]",VALUE LATON 710
320224,3511,VALUE,VALUE,ADIC 1890 LITRO Y LATON TOTAL AS,ADIC 1890 LITRO Y LATON AS,>0.25B 10%> 500B,AS,"Litro, laton",3079,AUTOSERVICIOS PAIS,Confirmado ERP,05/10/2026,"[{""min"": 0.25, ""pct"": 10.0}]",VALUE LITRO 1000
320224,3511,VALUE,VALUE,ADIC 1890 LITRO Y LATON TOTAL AS,ADIC 1890 LITRO Y LATON AS,>0.25B 10%> 500B,AS,"Litro, laton",3079,AUTOSERVICIOS PAIS,Confirmado ERP,05/10/2026,"[{""min"": 0.25, ""pct"": 10.0}]",VALUE LATON 710
320241,3532,VALUE,VALUE,ADIC 1890 LATON K+T,ADIC LATON 1890 K+T,">1B 13,5%>200B 0%",K+T,1890 LATON,,,Excluida: Ya no figura vigente ni programada en ERP desde 2026-10-07,05/10/2026,"[{""min"": 1.0, ""pct"": 13.5}, {""min"": 200.0, ""pct"": 0.0}]",VALUE LATON 710
320242,3531,VALUE,VALUE,ADIC 1890 LATON AS,ADIC LATON 1890 AS,">1B 13,5%>500B 0%",AS,1890 LATON,3079,AUTOSERVICIOS PAIS,Confirmado ERP,05/10/2026,"[{""min"": 1.0, ""pct"": 13.5}, {""min"": 500.0, ""pct"": 0.0}]",VALUE LATON 710
290125,3439,VALUE,VALUE,ADIC 1890 LITRO VALLE K+T - PLAN VALUE,ADIC Litro 1890 K-T DEL VALLE,>1b 8% >200b 0%,K+T,1890 Litro,3014,ADIC 1890 LT K-T DEL VALLE,Confirmado ERP,05/10/2026,"[{""min"": 1.0, ""pct"": 8.0}, {""min"": 200.0, ""pct"": 0.0}]",VALUE LITRO 1000
290129,3363,VALUE,VALUE,ADIC 1890 LITRO VALLE AS - PLAN VALUE,ADIC Litro 1890 AS DEL VALLE,>5b 8% >500b 0%,AS,1890 Litro,3015,ADIC 1890 LT AS DEL VALLE,Confirmado ERP,05/10/2026,"[{""min"": 5.0, ""pct"": 8.0}, {""min"": 500.0, ""pct"": 0.0}]",VALUE LITRO 1000
290136,,VALUE,VALUE,ADIC 1890 LITRO CHANGO K+T  - PLAN VALUE,ADIC Litro 1890 K-T CHANGO,>1b 8% >200b 0%,K+T,1890 Litro,,,Excluida: No figura vigente ni programada en ERP,05/10/2026,"[{""min"": 1.0, ""pct"": 8.0}, {""min"": 200.0, ""pct"": 0.0}]",VALUE LITRO 1000
290141,,VALUE,VALUE,ADIC 1890 LITRO CHANGO AS  - PLAN VALUE,ADIC Litro 1890 AS CHANGO,>5b 8% >500b 0%,AS,1890 Litro,,,Excluida: No figura vigente ni programada en ERP,05/10/2026,"[{""min"": 5.0, ""pct"": 8.0}, {""min"": 500.0, ""pct"": 0.0}]",VALUE LITRO 1000
308142,3404,CORE,Core,CORE Escala 1 KT,CORE RGB/473--> KT SUR- Drop 1er escala,>2b 4% >4b 5% >201b 0%,K+T,"Litro, 1,2 y Lata",3091,CORE ESCALA 1 K+T SUR,Confirmado ERP,05/10/2026,"[{""min"": 2.0, ""pct"": 4.0}, {""min"": 4.0, ""pct"": 5.0}, {""min"": 201.0, ""pct"": 0.0}]",CORE RGB / 473
308162,3408,CORE,Core,CORE Escala 1 AS,CORE RGB/473--> AS SUR-  Drop 1er escala,>5b 3% >7b 4% >10b 5% >501b 0%,AS,"Litro, 1,2 y Lata",3094,CORE ESCALA 1 AS SUR,Confirmado ERP,05/10/2026,"[{""min"": 5.0, ""pct"": 3.0}, {""min"": 7.0, ""pct"": 4.0}, {""min"": 10.0, ""pct"": 5.0}, {""min"": 501.0, ""pct"": 0.0}]",CORE RGB / 473
308144,3405,CORE,Core,CORE Escala 2 KT,CORE RGB/473--> KT SUR -  Drop 2da escala,>3b 3% >5b 5% >201b 0%,K+T,"Litro, 1,2 y Lata",3092,CORE ESCALA 2 K+T SUR,Confirmado ERP,05/10/2026,"[{""min"": 3.0, ""pct"": 3.0}, {""min"": 5.0, ""pct"": 5.0}, {""min"": 201.0, ""pct"": 0.0}]",CORE RGB / 473
308281,3407,CORE,Core,CORE Escala 2 AS,CORE RGB/473--> AS SUR-  Drop 2da escala,>15b 3% >20b 4% >40b 5% >501b 0%,AS,"Litro, 1,2 y Lata",3095,CORE ESCALA 2 AS SUR,Confirmado ERP,05/10/2026,"[{""min"": 15.0, ""pct"": 3.0}, {""min"": 20.0, ""pct"": 4.0}, {""min"": 40.0, ""pct"": 5.0}, {""min"": 501.0, ""pct"": 0.0}]",CORE RGB / 473
318208,3493,CORE,Core,CORE Escala 3 KT,RGB/473--> KT SUR -  Drop 3era escala,>6b 4% >10b 5% >400b 0%,K+T,"Litro, 1,2 y Lata",3093,CORE ESCALA 3 K+T SUR,Confirmado ERP,05/10/2026,"[{""min"": 6.0, ""pct"": 4.0}, {""min"": 10.0, ""pct"": 5.0}, {""min"": 400.0, ""pct"": 0.0}]",CORE RGB / 473
318209,3494,CORE,Core,CORE Escala 3 AS,CORE RGB/473--> AS SUR-  Drop 3era escala,>50b 3% >70b 4% >100b 5% >700b 0%,AS,"Litro, 1,2 y Lata",3096,CORE ESCALA 3 AS SUR,Confirmado ERP,05/10/2026,"[{""min"": 50.0, ""pct"": 3.0}, {""min"": 70.0, ""pct"": 4.0}, {""min"": 100.0, ""pct"": 5.0}, {""min"": 700.0, ""pct"": 0.0}]",CORE RGB / 473
317116,3485,CORE,Core,CORE BH POMELO & LIMON 473,CORE 473--> Pomelo & Limon,>2B 15% >5B 18%>10B 21%,MH,LATA,2963,MH TOTAL PAIS,Confirmado ERP,09/10/2026,"[{""min"": 2.0, ""pct"": 15.0}, {""min"": 5.0, ""pct"": 18.0}, {""min"": 10.0, ""pct"": 21.0}]",CORE SABORIZADAS 473
315426,3474,CORE,Core,Core BH + QC 269cc,CORE 269 BH + QC,>2B 15% >5 18% >10 21%>200B 0%,MH,269,2963,MH TOTAL PAIS,Confirmado ERP,09/10/2026,"[{""min"": 2.0, ""pct"": 15.0}, {""min"": 5.0, ""pct"": 18.0}, {""min"": 10.0, ""pct"": 21.0}, {""min"": 200.0, ""pct"": 0.0}]",CORE 269
320366,,CORE,Core,Paletazo 269,11% 269 paleta,">156b 11%, >400b 0%",AS,269,,,Excluida: No figura vigente ni programada en ERP,31/10/2026,"[{""min"": 156.0, ""pct"": 11.0}, {""min"": 400.0, ""pct"": 0.0}]",CORE 269
317958,3488,CORE,Core,"Brahma, bud y Q Lata - AS",+3% B&Q&bud,>40b 3%,AS,LATA,3039,MH - ARG,Confirmado ERP,31/10/2026,"[{""min"": 40.0, ""pct"": 3.0}]",CORE LATA
280573,2997,PREMIUM,Michelob,ESCALONADA MICHELOB,Adicional Michelob Área Sur KT,>1b 5% >3b 15% >8b 20%,K+T,TODOS,3019,K+T TOTAL PAIS,Confirmado ERP,05/10/2026,"[{""min"": 1.0, ""pct"": 5.0}, {""min"": 3.0, ""pct"": 15.0}, {""min"": 8.0, ""pct"": 20.0}]",PREMIUM MICHELOB
294760,3243,PREMIUM,Michelob,ESCALONADA MICHELOB,Adicional Michelob Área Sur AS,>5 5% >10b 15% >15 20% >200b 0%,AS,TODOS,3079,AUTOSERVICIOS PAIS,Confirmado ERP,05/10/2026,"[{""min"": 5.0, ""pct"": 5.0}, {""min"": 10.0, ""pct"": 15.0}, {""min"": 15.0, ""pct"": 20.0}, {""min"": 200.0, ""pct"": 0.0}]",PREMIUM MICHELOB
310514,3417,PREMIUM,"AO, SA, PAT","ESCALONADA AO, SA y PAT *K+T*",ESCALONADA SA AO PATAGONIA COSTA CUYO- KT,">2b 2% >5b 3,5% >10b 5% > 150b 0%",K+T,TODOS,3019,K+T TOTAL PAIS,Confirmado ERP,05/10/2026,"[{""min"": 2.0, ""pct"": 2.0}, {""min"": 5.0, ""pct"": 3.5}, {""min"": 10.0, ""pct"": 5.0}, {""min"": 150.0, ""pct"": 0.0}]",PREMIUM ANDES / STELLA / PATAGONIA
310516,3434,PREMIUM,"AO, SA, PAT","ESCALONADA AO, SA y PAT *AS*",ESCALONADA SA AO PATAGONIA CUYO Y COSTA - AS,">5b 2% >10b 3,5% >20b 5% > 400b 0%",AS,TODOS,3079,AUTOSERVICIOS PAIS,Confirmado ERP,05/10/2026,"[{""min"": 5.0, ""pct"": 2.0}, {""min"": 10.0, ""pct"": 3.5}, {""min"": 20.0, ""pct"": 5.0}, {""min"": 400.0, ""pct"": 0.0}]",PREMIUM ANDES / STELLA / PATAGONIA
318843,3505,PREMIUM,"AO, SA, PAT","EXTRA ESCALONADA AO,SA Y PAT KT","ESCALONADA AO,SA Y PAT k+t",>15B 3%> 300 0%,K+T,TODOS,3019,K+T TOTAL PAIS,Confirmado ERP,05/10/2026,"[{""min"": 15.0, ""pct"": 3.0}, {""min"": 300.0, ""pct"": 0.0}]",PREMIUM ANDES / STELLA / PATAGONIA
318850,3504,PREMIUM,"AO, SA, PAT","EXTRA ESCALONADA AO,SA,Y PAT AS","ESCALONADA AO,SA,Y PAT AS",>25B 3%>600 0%,AS,TODOS,3079,AUTOSERVICIOS PAIS,Confirmado ERP,05/10/2026,"[{""min"": 25.0, ""pct"": 3.0}, {""min"": 600.0, ""pct"": 0.0}]",PREMIUM ANDES / STELLA / PATAGONIA
316520,3519,PREMIUM,"AO var, PAT, SA inno",ADICIONAL AO VAR (SIN RUBIA) + PATAGONIA +SA INNO,AO VAR+PAT+SA INNO KT,>10b 5% >20B 10% >150 0%,K+T,TODOS,3019,K+T TOTAL PAIS,Confirmado ERP,31/10/2026,"[{""min"": 10.0, ""pct"": 5.0}, {""min"": 20.0, ""pct"": 10.0}, {""min"": 150.0, ""pct"": 0.0}]",PREMIUM ANDES / STELLA / PATAGONIA
316521,3520,PREMIUM,"AO var, PAT, SA inno",ADICIONAL AO VAR (SIN RUBIA) + PATAGONIA + SA INNO,AO VAR+PAT+SA INNO AS,>20b 5% >40b 10% >400 0%,AS,TODOS,3079,AUTOSERVICIOS PAIS,Confirmado ERP,31/10/2026,"[{""min"": 20.0, ""pct"": 5.0}, {""min"": 40.0, ""pct"": 10.0}, {""min"": 400.0, ""pct"": 0.0}]",PREMIUM ANDES / STELLA / PATAGONIA
307245,3392,PREMIUM,Corona,CORONA 710 + 473,CORONA 710 KT - SUR LISTADO,">0,25b 10% >5b 12% >85b 0%",K+T,710 y lata,3019,K+T TOTAL PAIS,Confirmado ERP,05/10/2026,"[{""min"": 0.25, ""pct"": 10.0}, {""min"": 5.0, ""pct"": 12.0}, {""min"": 85.0, ""pct"": 0.0}]",PREMIUM CORONA 710 / 473
307248,3393,PREMIUM,Corona,CORONA 710 + 473,CORONA 710 AS - SUR LISTADO,>3b 10% >20b 12% >169b 0%,AS,710 y lata,3079,AUTOSERVICIOS PAIS,Confirmado ERP,05/10/2026,"[{""min"": 3.0, ""pct"": 10.0}, {""min"": 20.0, ""pct"": 12.0}, {""min"": 169.0, ""pct"": 0.0}]",PREMIUM CORONA 710 / 473
318853,3503,PREMIUM,Corona,EXTRA CORONA 710 K+T,Escalon EXTRA corona 710,>10B 3%>169 0%,K+T,710,3019,K+T TOTAL PAIS,Confirmado ERP,05/10/2026,"[{""min"": 10.0, ""pct"": 3.0}, {""min"": 169.0, ""pct"": 0.0}]",PREMIUM CORONA 710 / 473
318857,3502,PREMIUM,Corona,EXTRA CORONA 710 AS,Escalon EXTRA corona 710,>40B 3%>337 0%,AS,710,3079,AUTOSERVICIOS PAIS,Confirmado ERP,05/10/2026,"[{""min"": 40.0, ""pct"": 3.0}, {""min"": 337.0, ""pct"": 0.0}]",PREMIUM CORONA 710 / 473
307249,3394,PREMIUM,Corona,CORONA 330,ADICIONAL CORONA 330cc KT,">0,25b 5% >10b 7% >84b 0%",K+T,330,3019,K+T TOTAL PAIS,Confirmado ERP,05/10/2026,"[{""min"": 0.25, ""pct"": 5.0}, {""min"": 10.0, ""pct"": 7.0}, {""min"": 84.0, ""pct"": 0.0}]",PREMIUM CORONA 330
307251,3395,PREMIUM,Corona,CORONA 330,ADICIONAL CORONA 330cc AUTOSERIVICO,>3b 5% >15b 7% >84b 0%,AS,330,3079,AUTOSERVICIOS PAIS,Confirmado ERP,05/10/2026,"[{""min"": 3.0, ""pct"": 5.0}, {""min"": 15.0, ""pct"": 7.0}, {""min"": 84.0, ""pct"": 0.0}]",PREMIUM CORONA 330
23965,,MAY,Core,PLAN NODO 1 - ADIC ANDES LITRO,RP Andes Litro SUR Plan,">0,25b 2,5%",MAY,LITRO,,,Excluida: No figura vigente ni programada en ERP,05/10/2026,"[{""min"": 0.25, ""pct"": 2.5}]",MAY CORE LITRO
23991,,MAY,Core,"PLAN NODO 1- QC, andes LATA",RP Plan ANDES QC Lata SUR Plan,">0,25b 8,5%",May,LATA,,,Excluida: No figura vigente ni programada en ERP,05/10/2026,"[{""min"": 0.25, ""pct"": 8.5}]",MAY CORE LATA
23990,,MAY,Core,PLAN NODO 1 - ANDES LATON,RP Plan ANDES LATON SUR,">0,25b 3%",MAY,LATON,,,Excluida: No figura vigente ni programada en ERP,05/10/2026,"[{""min"": 0.25, ""pct"": 3.0}]",MAY CORE LATON
317960,3489,MAY,Core,ADICIONAL CORE 3% TODOS LOS CALIBRES (sin variedades),CORE MAY,>50b 3% >2600 0%,MAY,TODOS,3120,MAYORISTA PAIS,Confirmado ERP,09/10/2026,"[{""min"": 50.0, ""pct"": 3.0}, {""min"": 2600.0, ""pct"": 0.0}]",MAY CORE LITRO
317960,3489,MAY,Core,ADICIONAL CORE 3% TODOS LOS CALIBRES (sin variedades),CORE MAY,>50b 3% >2600 0%,MAY,TODOS,3120,MAYORISTA PAIS,Confirmado ERP,09/10/2026,"[{""min"": 50.0, ""pct"": 3.0}, {""min"": 2600.0, ""pct"": 0.0}]",MAY CORE LATA
317960,3489,MAY,Core,ADICIONAL CORE 3% TODOS LOS CALIBRES (sin variedades),CORE MAY,>50b 3% >2600 0%,MAY,TODOS,3120,MAYORISTA PAIS,Confirmado ERP,09/10/2026,"[{""min"": 50.0, ""pct"": 3.0}, {""min"": 2600.0, ""pct"": 0.0}]",MAY CORE LATON
317960,3489,MAY,Core,ADICIONAL CORE 3% TODOS LOS CALIBRES (sin variedades),CORE MAY,>50b 3% >2600 0%,MAY,TODOS,3120,MAYORISTA PAIS,Confirmado ERP,09/10/2026,"[{""min"": 50.0, ""pct"": 3.0}, {""min"": 2600.0, ""pct"": 0.0}]",MAY CORE 269
317964,3490,MAY,Core,ADICIONAL LATA 473CC,ADICIONAL LATA 3%,>50b 3% >2600 0%,MAY,LATA,3120,MAYORISTA PAIS,Confirmado ERP,05/10/2026,"[{""min"": 50.0, ""pct"": 3.0}, {""min"": 2600.0, ""pct"": 0.0}]",MAY CORE LATA
317963,,MAY,Core,ADICIONAL LITRO/970 Y 1.2L,"ADICIONAL LITRO,970,1.2l",>50B 2% >2600 0%,MAY,LITRO,,,Excluida: No figura vigente ni programada en ERP,05/10/2026,"[{""min"": 50.0, ""pct"": 2.0}, {""min"": 2600.0, ""pct"": 0.0}]",MAY CORE LITRO
319057,,MAY,Core,ADICIONAL MAY QC + BH 269CC,BRAH QUI 269MAY,>2B 15%>5B 18%>10 21%,MAY,269,,,Excluida: No figura vigente ni programada en ERP,09/10/2026,"[{""min"": 2.0, ""pct"": 15.0}, {""min"": 5.0, ""pct"": 18.0}, {""min"": 10.0, ""pct"": 21.0}]",MAY CORE 269
317961,3491,MAY,VALUE,ADICIONAL VALUE 1890/BAJO CERO 473,ADICIONAL 26% VALUE LATA,>100B 26% >2600 0%,MAY,LATA,3120,MAYORISTA PAIS,Confirmado ERP,09/10/2026,"[{""min"": 100.0, ""pct"": 26.0}, {""min"": 2600.0, ""pct"": 0.0}]",MAY VALUE LATA
317962,3492,MAY,VALUE,ADICIONAL VALUE 1890/BAJO CERO LATON,ADICIONAL 23% VALUE LATON,>96B 23% >2600 0%,MAY,LATON,3120,MAYORISTA PAIS,Confirmado ERP,09/10/2026,"[{""min"": 96.0, ""pct"": 23.0}, {""min"": 2600.0, ""pct"": 0.0}]",MAY VALUE LATON
318860,3501,MAY,VALUE,ADICIONAL VALUE 1890/BAJO CERO LITRO,ADICIONLA VALUE LITRO 12%,>50B12% >1300 0%,MAY,LITRO,3120,MAYORISTA PAIS,Confirmado ERP,05/10/2026,"[{""min"": 50.0, ""pct"": 12.0}, {""min"": 1300.0, ""pct"": 0.0}]",MAY VALUE LITRO
323077,,MAY,VALUE,ADICIONAL MAY LATA 1890,ADICIONAL 6% LATA 1890,>100B 6%,MAY,LATA,,,Excluida: No figura vigente ni programada en ERP,2026-10-06 00:00:00,"[{""min"": 100.0, ""pct"": 6.0}]",MAY VALUE LATA
320211,3509,LATONES,LATONES,LATONES 1ER ESCALA KT,LATONES - 1er escala - KT SUR,>1b 4% y >97b 0%,K+T,LATON,3085,LATONES ESCALA 1 K+T SUR,Confirmado ERP,05/10/2026,"[{""min"": 1.0, ""pct"": 4.0}, {""min"": 97.0, ""pct"": 0.0}]",LATONES
307926,3399,LATONES,LATONES,LATONES 1ER ESCALA AS,LATONES-->Drop 1er escala - AS SUR,>2b 3% >4b 4% > 6b 5% y >385b 0%,AS,LATON,3087,LATONES ESCALA 1 AS SUR,Confirmado ERP,05/10/2026,"[{""min"": 2.0, ""pct"": 3.0}, {""min"": 4.0, ""pct"": 4.0}, {""min"": 6.0, ""pct"": 5.0}, {""min"": 385.0, ""pct"": 0.0}]",LATONES
307924,3398,LATONES,LATONES,LATONES 2DA ESCALA KT,LATONES-->Listado Drop 2da escala - KT SUR,>2b 3% >4b 5% y >193b 0%,K+T,LAOTN,3086,LATONES ESCALA 2 K+T SUR,Confirmado ERP,05/10/2026,"[{""min"": 2.0, ""pct"": 3.0}, {""min"": 4.0, ""pct"": 5.0}, {""min"": 193.0, ""pct"": 0.0}]",LATONES
307927,3400,LATONES,LATONES,LATONES 2DA ESCALA AS,LATONES-->Listado Drop 2da escala - AS SUR,>6b 4% >12b 5% y >385b 0%,AS,LATON,3088,LATONES ESCALA 2 AS SUR,Confirmado ERP,05/10/2026,"[{""min"": 6.0, ""pct"": 4.0}, {""min"": 12.0, ""pct"": 5.0}, {""min"": 385.0, ""pct"": 0.0}]",LATONES
318383,3499,LATONES,Premium,PAT IPA 730,FRES PAT730,">0.25b 10%, >844b 0%",MH + MAY,730,2931,MH+MAY PAIS,Confirmado ERP,10/10/2026,"[{""min"": 0.25, ""pct"": 10.0}, {""min"": 844.0, ""pct"": 0.0}]",PREMIUM LATON
301468,3441,LATONES,SA 0,0% STELLA LATA Y PORRON,FRESCURA 0.0%,>0.25b 20%,MH,TODOS,3054,MH + REF,Confirmado ERP,09/10/2026,"[{""min"": 0.25, ""pct"": 20.0}]",CERVEZA 0.0
316507,,0.0%,0.0%,0.0% SIN ALCOHOL AS,DIN 0.0 AS,>5b 5% y >10b 10%,AS,TODOS,,,Excluida: No figura vigente ni programada en ERP,2026-10-31 00:00:00,"[{""min"": 5.0, ""pct"": 5.0}, {""min"": 10.0, ""pct"": 10.0}]",CERVEZA 0.0
316510,,0.0%,0.0%,0.0% SIN ALCOHOL K+T,DIN 0.0 KT,>2b 5% y >5b 10%,K+T,TODOS,,,Excluida: No figura vigente ni programada en ERP,2026-10-31 00:00:00,"[{""min"": 2.0, ""pct"": 5.0}, {""min"": 5.0, ""pct"": 10.0}]",CERVEZA 0.0
